115.249.212.164, 62.216.147.78, 0.04161073825503356, 18.997733792431628, 20177
212.156.102.148, 81.212.203.103, 0.04161073825503356, 18.74719399322567, 201710
212.156.102.148, 81.212.203.103, 0.04160887656033287, 13.715424010273807, 201711
212.156.102.148, 81.212.203.103, 0.04161073825503356, 25.472463833732238, 201712
115.249.212.164, 62.216.147.78, 0.04161073825503356, 20.267248475812206, 20178
195.3.64.142, 195.3.64.149, 0.04161073825503356, 57.25438719689465, 20173
46.227.185.234, 80.241.35.173, 0.04161073825503356, 61.455974619903465, 20171
4.68.72.158, 4.69.206.189, 0.04161073825503356, 11.599788274431088, 20178
213.19.197.65, 4.69.132.249, 0.04161073825503356, 36.62568458279387, 20171
4.28.83.26, 4.69.210.161, 0.04161073825503356, 24.316414915408245, 201710
195.122.181.130, 4.69.163.90, 0.04161073825503356, 37.50789834606999, 201712
213.19.197.65, 4.69.153.186, 0.04161073825503356, 32.55496814648112, 20171
212.73.250.153, 4.69.203.70, 0.04160887656033287, 16.53052646089504, 20179
130.117.14.174, 4.69.146.132, 0.04160887656033287, 19.47787334348904, 20176
195.66.225.158, 202.147.58.146, 0.04161073825503356, 15.803780181198654, 201712
195.66.225.158, 202.147.58.146, 0.04160887656033287, 19.036123459123516, 201711
195.66.225.158, 202.147.58.150, 0.04161073825503356, 15.645545304525708, 20173
184.105.213.217, 184.105.81.78, 0.04161073825503356, 19.11139939200986, 20181
213.244.134.229, 4.69.203.98, 0.04161073825503356, 11.26837155027143, 20175
213.244.134.229, 4.69.203.98, 0.04160887656033287, 10.406142810005358, 20174
4.68.127.54, 4.69.207.33, 0.04161073825503356, 22.529657840334732, 20183
195.3.64.141, 195.3.64.58, 0.04161073825503356, 73.76642667245608, 201712
195.3.64.141, 195.3.64.58, 0.04160887656033287, 86.86634899811713, 201711
195.3.64.141, 195.3.64.58, 0.04161073825503356, 77.06586070372592, 201710
103.16.102.62, 119.110.117.1, 0.04161073825503356, 12.625865758914806, 20173
213.244.134.229, 4.69.203.102, 0.04161073825503356, 22.132996107230223, 20181
213.244.134.229, 4.69.203.102, 0.041604754829123326, 61.90879989628384, 20182
129.250.9.49, 4.69.206.98, 0.04161073825503356, 18.115418681655385, 20171
129.250.9.49, 4.69.206.98, 0.041604754829123326, 26.662940038484827, 20172
195.3.64.129, 195.3.64.142, 0.04161073825503356, 78.09553861699251, 201710
195.3.64.129, 195.3.64.142, 0.04160887656033287, 85.45723387311142, 201711
4.69.140.149, 80.150.169.6, 0.04161073825503356, 25.45271825517904, 20173
4.69.140.149, 80.150.169.6, 0.04161073825503356, 15.098906028699503, 20171
193.251.132.2, 193.251.133.210, 0.04161073825503356, 10.267662273617962, 201712
130.244.200.85, 4.69.163.90, 0.04161073825503356, 32.68321199147501, 20181
130.244.200.85, 4.69.163.90, 0.041604754829123326, 71.19652252623251, 20182
130.244.200.85, 4.69.163.90, 0.04161073825503356, 55.36342149066598, 20183
62.115.116.239, 62.115.145.123, 0.04161073825503356, 15.02945493501228, 20171
46.227.185.234, 80.241.35.173, 0.041604754829123326, 95.17000336257924, 20172
62.115.116.237, 62.115.145.123, 0.04161073825503356, 14.808665853575738, 20171
212.187.173.202, 4.69.167.142, 0.04160887656033287, 12.595058173219478, 20174
212.187.173.202, 4.69.167.142, 0.04161073825503356, 17.240644813227146, 20175
212.187.173.202, 4.69.167.142, 0.041604754829123326, 11.768773163898372, 20172
212.187.173.202, 4.69.167.142, 0.04161073825503356, 11.508385274774955, 20178
212.187.173.202, 4.69.167.142, 0.04160887656033287, 19.018815419892086, 20179
195.3.64.142, 195.3.64.49, 0.04161073825503356, 16.036099464431032, 20173
195.3.64.142, 195.3.64.49, 0.04160887656033287, 28.200332310101466, 20179
4.31.163.46, 4.69.206.69, 0.04161073825503356, 15.962425133389143, 20173
4.31.163.46, 4.69.206.69, 0.04160887656033287, 11.42706564306673, 20174
108.170.240.49, 185.1.8.28, 0.041604754829123326, 18.71402057106656, 20182
4.15.212.246, 4.69.150.202, 0.04160887656033287, 69.57566198662248, 201711
184.105.81.233, 187.16.221.197, 0.04161073825503356, 10.571044488892568, 20181
212.156.104.114, 74.125.52.6, 0.04161073825503356, 58.695484458047375, 20178
212.156.104.114, 74.125.52.6, 0.04161073825503356, 13.394994411997628, 20177
62.216.145.146, 85.95.25.57, 0.041604754829123326, 11.071322867889519, 20182
193.5.122.151, 80.84.20.57, 0.04160887656033287, 15.003626801429217, 20174
193.5.122.151, 80.84.20.57, 0.04161073825503356, 11.465739670326798, 20173
212.162.8.22, 4.69.211.13, 0.04161073825503356, 46.93053569963509, 201712
212.162.8.22, 4.69.211.13, 0.04160887656033287, 159.62410755840372, 201711
212.162.8.22, 4.69.211.13, 0.04161073825503356, 117.33814544861369, 201710
4.15.159.234, 4.69.207.41, 0.041604754829123326, 12.26251362706294, 20182
4.15.159.234, 4.69.207.41, 0.04161073825503356, 52.396885630201226, 20183
195.3.64.10, 195.3.64.129, 0.04161073825503356, 12.667700454159428, 201712
195.3.64.10, 195.3.64.129, 0.04160887656033287, 25.930502764349843, 201711
195.3.64.10, 195.3.64.129, 0.04161073825503356, 66.92312358984127, 201710
212.73.250.254, 4.69.159.142, 0.041604754829123326, 37.045461883333836, 20182
212.73.250.254, 4.69.159.142, 0.04161073825503356, 45.58346890794471, 20183
129.250.66.130, 80.231.91.93, 0.041604754829123326, 10.286504207244136, 20172
129.250.9.94, 4.69.146.132, 0.04161073825503356, 49.668285546954586, 20175
212.187.173.202, 4.69.167.158, 0.04160887656033287, 12.369481302905013, 20176
164.40.248.38, 193.169.198.82, 0.041604754829123326, 33.64796887439743, 20182
195.182.218.11, 80.93.127.138, 0.04160887656033287, 12.390736278008736, 20176
195.182.218.11, 80.93.127.138, 0.04160887656033287, 13.97224329885673, 20179
195.3.64.53, 195.3.64.6, 0.04161073825503356, 12.405084496177613, 20183
4.16.169.74, 4.69.203.169, 0.04161073825503356, 24.466215083445615, 201710
180.87.67.32, 64.86.252.217, 0.041604754829123326, 14.967534892178325, 20172
202.147.50.169, 202.147.50.185, 0.041604754829123326, 11.960240768760762, 20172
4.31.163.46, 4.69.206.73, 0.04160887656033287, 26.922241186984216, 20176
213.242.69.250, 4.69.159.142, 0.04161073825503356, 49.13873540837825, 20183
213.242.69.250, 4.69.159.142, 0.041604754829123326, 39.620832326816455, 20182
4.31.163.46, 4.69.206.73, 0.04161073825503356, 65.73890883634373, 20173
4.31.163.46, 4.69.206.73, 0.04161073825503356, 43.061204543473195, 20171
213.242.69.194, 4.69.159.138, 0.04161073825503356, 73.55232608551388, 20183
213.242.69.194, 4.69.159.138, 0.041604754829123326, 51.305223943652834, 20182
195.122.181.130, 4.69.163.86, 0.04161073825503356, 35.461791492184595, 20183
108.161.251.16, 4.69.210.149, 0.041604754829123326, 11.823457867162206, 20182
108.161.251.16, 4.69.210.149, 0.04161073825503356, 15.345143947334043, 20183
108.161.251.16, 4.69.210.149, 0.04161073825503356, 20.760328602944025, 20181
195.3.64.10, 195.3.64.129, 0.04161073825503356, 11.671173787157109, 20177
195.3.64.10, 195.3.64.129, 0.04160887656033287, 27.464676821360435, 20176
4.68.71.202, 4.69.210.149, 0.04161073825503356, 25.192922635484756, 201712
195.3.64.10, 195.3.64.129, 0.04160887656033287, 56.04698890389663, 20174
195.3.64.10, 195.3.64.129, 0.04161073825503356, 29.49796409220979, 20171
195.3.64.10, 195.3.64.129, 0.04160887656033287, 76.50989208598048, 20179
195.34.53.82, 195.66.225.237, 0.04161073825503356, 10.233860995177418, 20171
209.200.144.200, 209.200.144.205, 0.04161073825503356, 18.923668185237723, 201712
195.175.173.193, 212.156.251.192, 0.04161073825503356, 21.855525707375207, 20178
212.73.250.153, 4.69.210.202, 0.04160887656033287, 29.215840163914645, 20179
195.66.224.87, 212.23.42.22, 0.04161073825503356, 10.441679411699937, 20171
185.1.0.19, 91.221.180.180, 0.04160887656033287, 16.02049092102789, 201711
195.66.224.205, 93.63.100.58, 0.04161073825503356, 11.90027515034611, 201710
195.66.224.205, 93.63.100.58, 0.04160887656033287, 12.581344201839865, 201711
4.68.72.98, 4.69.163.86, 0.04160887656033287, 72.90966617163541, 201711
4.68.72.98, 4.69.163.86, 0.04161073825503356, 80.89783978283624, 201710
213.242.69.194, 4.69.159.130, 0.04161073825503356, 68.52127103204798, 20183
213.242.69.194, 4.69.159.130, 0.041604754829123326, 51.61538281493875, 20182
195.175.174.113, 212.156.251.192, 0.04161073825503356, 18.768307733009227, 20178
4.68.73.130, 4.69.141.62, 0.04161073825503356, 59.359154987440384, 20183
4.68.73.130, 4.69.141.62, 0.041604754829123326, 55.36610869351044, 20182
4.68.72.97, 4.69.166.45, 0.04161073825503356, 27.320511155900984, 20171
149.6.98.73, 196.43.9.86, 0.04161073825503356, 10.074770227383647, 20177
4.15.136.22, 4.69.210.174, 0.04161073825503356, 23.434964275613144, 201712
129.250.9.49, 4.69.206.94, 0.04161073825503356, 10.468045390557897, 20173
129.250.9.49, 4.69.206.94, 0.041604754829123326, 42.00743583837041, 20172
4.68.71.202, 4.69.210.149, 0.04161073825503356, 23.739150038421396, 20183
4.68.71.202, 4.69.210.149, 0.041604754829123326, 21.182968014923897, 20182
196.223.22.62, 197.157.77.28, 0.041604754829123326, 24.846082567370175, 20172
202.147.58.146, 80.249.211.239, 0.04160887656033287, 19.027389948992397, 201711
202.147.58.146, 80.249.211.239, 0.04161073825503356, 15.918302280483069, 201712
193.251.250.48, 80.231.153.50, 0.041604754829123326, 10.099673924077438, 20172
195.3.64.141, 195.3.64.150, 0.04161073825503356, 31.725914145361006, 201712
213.19.197.214, 4.69.203.98, 0.04161073825503356, 37.42395316928314, 20171
213.19.197.214, 4.69.203.98, 0.04160887656033287, 17.566923937712442, 20176
213.19.197.214, 4.69.203.98, 0.04160887656033287, 24.46208277833789, 20174
213.19.197.214, 4.69.203.98, 0.04160887656033287, 46.33793808773262, 20179
213.19.197.214, 4.69.203.98, 0.04161073825503356, 36.57459611013556, 20178
213.242.69.194, 4.69.159.142, 0.040268456375838924, 10.777670929147197, 201710
141.208.25.170, 62.115.143.84, 0.04161073825503356, 82.41336083116632, 20171
141.208.25.170, 62.115.143.84, 0.041604754829123326, 40.07125276137901, 20172
12.122.117.121, 192.205.36.158, 0.04161073825503356, 11.848446004405389, 20183
12.122.117.121, 192.205.36.158, 0.041604754829123326, 13.85613519533598, 20182
129.250.3.94, 50.242.151.69, 0.04161073825503356, 17.34729187876595, 201710
129.250.3.94, 50.242.151.69, 0.04160887656033287, 19.543790777363192, 201711
209.200.184.197, 93.191.173.71, 0.04161073825503356, 16.342557337850167, 201712
4.68.127.233, 4.69.162.77, 0.04161073825503356, 28.619224542842534, 20171
4.68.127.233, 4.69.162.77, 0.041604754829123326, 11.532326939426762, 20172
209.85.172.180, 4.69.206.90, 0.04160887656033287, 13.161780422135127, 20174
195.3.64.2, 195.3.64.49, 0.04161073825503356, 92.8725768831546, 20181
195.3.64.2, 195.3.64.49, 0.041604754829123326, 131.32673059574458, 20182
195.3.64.2, 195.3.64.49, 0.04161073825503356, 15.86882390615201, 20183
115.249.212.164, 62.216.147.46, 0.04161073825503356, 13.856337704003986, 20178
62.115.116.235, 62.115.145.123, 0.04161073825503356, 14.379896710965339, 20171
184.105.213.65, 80.249.210.175, 0.041604754829123326, 10.122049848277781, 20182
213.19.197.65, 4.68.72.38, 0.04161073825503356, 17.72365886789746, 20171
195.122.181.130, 4.69.163.90, 0.04161073825503356, 64.25735236362019, 20181
195.122.181.130, 4.69.163.90, 0.041604754829123326, 119.83051394867245, 20182
195.122.181.130, 4.69.163.90, 0.04161073825503356, 96.28644073838697, 20183
41.76.41.174, 41.76.47.65, 0.04160887656033287, 25.948724805623993, 20179
4.15.136.22, 4.69.210.177, 0.04161073825503356, 27.034095239540903, 201710
121.189.3.89, 58.138.105.178, 0.04161073825503356, 12.188608997602188, 20183
121.189.3.89, 58.138.105.178, 0.041604754829123326, 10.832983420271265, 20182
193.85.195.22, 195.182.218.11, 0.041604754829123326, 34.09099012443943, 20172
193.85.195.22, 195.182.218.11, 0.04161073825503356, 32.387124039406494, 20173
193.85.195.22, 195.182.218.11, 0.04161073825503356, 35.409228831754845, 20171
193.85.195.22, 195.182.218.11, 0.04160887656033287, 19.04642238088447, 20176
193.85.195.22, 195.182.218.11, 0.04161073825503356, 18.321963759545785, 20177
193.85.195.22, 195.182.218.11, 0.04160887656033287, 20.488323501040508, 20174
193.85.195.22, 195.182.218.11, 0.04161073825503356, 11.61527773447687, 20175
213.244.164.2, 4.69.203.98, 0.04161073825503356, 37.664006103571715, 201710
212.187.173.202, 4.69.167.146, 0.04161073825503356, 16.713088538347872, 20178
212.187.173.202, 4.69.167.146, 0.04160887656033287, 14.281938863581974, 20179
195.3.64.141, 195.3.64.58, 0.04161073825503356, 57.91677620758136, 20183
212.187.173.202, 4.69.167.146, 0.041604754829123326, 19.57924964130061, 20172
212.187.173.202, 4.69.167.146, 0.04161073825503356, 12.50176300575394, 20173
212.187.173.202, 4.69.167.146, 0.04160887656033287, 10.23355388083225, 20174
212.187.173.202, 4.69.167.146, 0.04161073825503356, 17.02404992952491, 20175
212.187.166.62, 4.69.141.62, 0.041604754829123326, 47.325972431541985, 20182
212.187.166.62, 4.69.141.62, 0.04161073825503356, 60.47203325178335, 20183
198.104.202.61, 202.158.194.121, 0.04160887656033287, 31.191072922094968, 201711
212.162.9.110, 4.69.163.78, 0.041604754829123326, 15.175896351669616, 20182
213.244.164.2, 4.69.203.102, 0.04160887656033287, 65.3798912822586, 201711
213.244.134.229, 4.69.203.102, 0.04161073825503356, 14.4164534419495, 20183
202.147.58.146, 80.81.193.47, 0.04161073825503356, 10.972004873538703, 20181
202.147.58.146, 80.249.211.239, 0.041604754829123326, 11.233480209566654, 20172
202.147.58.146, 80.249.211.239, 0.04161073825503356, 15.439409202492572, 20173
202.147.58.146, 80.249.211.239, 0.04161073825503356, 10.450993982382478, 20171
213.244.134.228, 4.69.203.102, 0.041604754829123326, 51.2300396956316, 20182
119.27.63.9, 210.55.202.90, 0.041604754829123326, 12.833446654750825, 20182
209.200.184.205, 93.191.173.32, 0.04161073825503356, 15.78278015436077, 201712
108.161.251.16, 4.69.210.149, 0.04161073825503356, 23.785942816562752, 201712
202.69.178.54, 62.115.151.6, 0.04161073825503356, 12.64623473903616, 201712
194.68.129.173, 80.84.20.57, 0.04161073825503356, 23.241168977766584, 20175
195.66.224.205, 93.63.100.2, 0.04161073825503356, 11.189578002834661, 201710
195.66.224.205, 93.63.100.2, 0.04160887656033287, 12.088476884880851, 201711
4.68.73.110, 4.69.163.78, 0.041604754829123326, 30.007173036769903, 20182
4.68.73.110, 4.69.163.78, 0.04161073825503356, 19.924629302806977, 20183
4.68.73.110, 4.69.163.78, 0.04161073825503356, 18.249228856066896, 20181
184.105.64.186, 184.105.64.197, 0.04161073825503356, 25.498078246159352, 201712
195.3.64.2, 195.3.64.49, 0.04161073825503356, 22.18778214144969, 20173
195.3.64.149, 195.3.64.2, 0.041604754829123326, 52.3359820939564, 20182
195.3.64.149, 195.3.64.2, 0.04161073825503356, 25.812857469873023, 20181
4.69.206.81, 4.79.23.38, 0.04161073825503356, 17.802467653736343, 201712
4.59.113.90, 4.69.210.149, 0.04161073825503356, 10.192361674164223, 20183
195.219.50.49, 4.69.163.90, 0.04161073825503356, 42.090098280647986, 20181
195.219.50.49, 4.69.163.90, 0.04161073825503356, 53.18373038899497, 20183
195.219.50.49, 4.69.163.90, 0.041604754829123326, 75.77870130934897, 20182
157.25.248.109, 195.182.218.11, 0.04161073825503356, 21.050579757060607, 201710
212.73.250.182, 4.69.206.86, 0.04161073825503356, 19.949776673071806, 20177
72.52.2.189, 93.191.173.91, 0.041604754829123326, 30.92367927595919, 20182
72.52.2.189, 93.191.173.91, 0.04161073825503356, 31.963811610785267, 20183
72.52.2.189, 93.191.173.91, 0.04161073825503356, 22.984171178687017, 20181
213.19.197.214, 4.69.203.102, 0.04161073825503356, 36.38553314420346, 20183
212.73.250.182, 4.69.206.86, 0.04161073825503356, 34.57552732848317, 20173
213.19.197.214, 4.69.203.102, 0.04161073825503356, 44.49652883430107, 20181
202.147.58.146, 80.81.193.47, 0.041604754829123326, 10.941722087889772, 20172
202.147.58.146, 80.81.193.47, 0.04161073825503356, 14.671391006102551, 20173
195.3.64.129, 195.3.64.142, 0.04160887656033287, 76.50422388201848, 20174
195.3.64.129, 195.3.64.142, 0.04160887656033287, 91.83089758979624, 20176
195.3.64.129, 195.3.64.142, 0.041604754829123326, 81.95850774472115, 20172
195.3.64.129, 195.3.64.142, 0.04161073825503356, 58.577938176173426, 20173
195.3.64.129, 195.3.64.142, 0.04161073825503356, 19.33443215331016, 20178
195.3.64.129, 195.3.64.142, 0.04160887656033287, 55.83324531322504, 20179
4.16.185.58, 4.69.150.170, 0.04161073825503356, 46.42809151157254, 20175
4.16.185.58, 4.69.150.170, 0.04160887656033287, 36.31517846507398, 20176
195.175.172.80, 81.212.203.102, 0.04161073825503356, 11.109420910877363, 20171
209.200.144.197, 72.52.27.192, 0.041604754829123326, 12.569686495676903, 20182
4.69.163.78, 62.67.36.230, 0.041604754829123326, 50.03312330691337, 20182
4.69.163.78, 62.67.36.230, 0.04161073825503356, 63.868471561031015, 20183
129.250.9.5, 4.69.163.90, 0.04160887656033287, 18.932201782017938, 20176
195.3.64.141, 195.3.64.58, 0.04161073825503356, 34.47346752152452, 20177
195.3.64.141, 195.3.64.58, 0.04160887656033287, 47.057488913339576, 20176
195.3.64.141, 195.3.64.58, 0.04161073825503356, 57.27872151445343, 20175
195.3.64.141, 195.3.64.58, 0.04160887656033287, 42.99869535378513, 20174
195.3.64.141, 195.3.64.58, 0.04160887656033287, 39.25649301193129, 20179
195.3.64.141, 195.3.64.58, 0.04161073825503356, 23.86514208166246, 20178
209.200.184.205, 93.191.173.71, 0.04161073825503356, 13.831935076005207, 201712
4.69.150.202, 63.235.41.149, 0.041604754829123326, 104.76064393975463, 20182
4.69.150.202, 63.235.41.149, 0.04161073825503356, 71.79926213664369, 20183
4.69.150.202, 63.235.41.149, 0.04161073825503356, 25.200887639872143, 20181
213.242.69.250, 4.69.159.130, 0.041604754829123326, 42.357883306841394, 20182
213.242.69.250, 4.69.159.130, 0.04161073825503356, 32.95258168183005, 20183
195.175.172.84, 212.156.251.226, 0.04161073825503356, 16.521876219415894, 20178
212.156.104.112, 74.125.52.6, 0.04160887656033287, 28.547469792549474, 20179
212.156.104.112, 74.125.52.6, 0.04161073825503356, 48.13939012261803, 20178
120.29.211.3, 180.87.67.32, 0.041604754829123326, 15.066478565229989, 20172
212.156.104.112, 74.125.52.6, 0.04161073825503356, 12.126984181486753, 20177
4.68.63.174, 4.69.163.86, 0.04160887656033287, 27.258296557183186, 201711
4.68.63.174, 4.69.163.86, 0.04161073825503356, 26.412952502147064, 201710
65.153.81.102, 67.14.102.142, 0.04161073825503356, 12.344267600791682, 201712
202.147.58.147, 61.14.157.210, 0.04161073825503356, 13.11389004766846, 201712
195.3.64.1, 195.3.64.58, 0.04161073825503356, 44.82650682077951, 20183
195.3.64.1, 195.3.64.58, 0.041604754829123326, 148.57972296148085, 20182
195.3.64.1, 195.3.64.58, 0.04161073825503356, 125.67807769068567, 20181
184.105.81.53, 216.66.85.129, 0.04161073825503356, 16.64600966631099, 20175
195.66.225.158, 202.147.58.146, 0.04161073825503356, 16.074689745213494, 20173
195.66.225.158, 202.147.58.146, 0.041604754829123326, 11.543504793315075, 20172
4.34.184.162, 4.69.210.149, 0.04161073825503356, 22.332224482222365, 20183
4.34.184.162, 4.69.210.149, 0.041604754829123326, 20.686145121747234, 20182
213.244.134.228, 4.69.203.98, 0.04161073825503356, 10.684380237182719, 20178
213.244.134.228, 4.69.203.98, 0.04160887656033287, 12.996905031060733, 20179
41.78.188.2, 41.78.188.48, 0.041604754829123326, 33.33021191013938, 20172
195.66.225.158, 202.147.58.150, 0.04161073825503356, 16.838768190956745, 201712
195.66.225.158, 202.147.58.150, 0.04161073825503356, 10.586362270359633, 201710
195.66.225.158, 202.147.58.150, 0.04160887656033287, 19.111312371497185, 201711
80.84.20.57, 94.102.160.204, 0.04161073825503356, 15.272521246558387, 20173
80.84.20.57, 94.102.160.204, 0.04161073825503356, 22.01260399151657, 20175
80.84.20.57, 94.102.160.204, 0.04160887656033287, 28.870586096789644, 20174
108.170.241.129, 193.178.185.100, 0.04160887656033287, 10.933997793449915, 201711
195.66.225.158, 202.147.58.150, 0.04161073825503356, 10.391039443164827, 20171
195.66.225.158, 202.147.58.150, 0.041604754829123326, 12.308124925860001, 20172
45.127.172.172, 45.127.172.93, 0.04161073825503356, 13.268856856247158, 201710
4.28.83.26, 4.69.210.161, 0.04161073825503356, 61.077155827219045, 20173
195.219.50.49, 4.69.163.90, 0.04160887656033287, 14.971758681347763, 20176
195.219.50.49, 4.69.163.90, 0.041604754829123326, 10.202414445850529, 20172
195.219.50.49, 4.69.163.90, 0.04161073825503356, 16.7067639687944, 20173
195.3.64.149, 195.3.64.2, 0.04161073825503356, 88.94480449572445, 20173
213.248.68.62, 4.69.163.90, 0.04161073825503356, 31.494377616080925, 201712
4.15.84.142, 4.69.148.254, 0.04161073825503356, 16.25759743555336, 20178
4.15.84.142, 4.69.148.254, 0.04160887656033287, 32.6453501136767, 20179
114.31.192.53, 45.127.172.172, 0.04161073825503356, 11.52238572830612, 201710
195.219.50.49, 4.69.163.90, 0.04161073825503356, 55.51716740785376, 201712
213.19.197.214, 4.69.203.98, 0.04161073825503356, 27.13797184536561, 20175
202.147.58.147, 61.14.157.210, 0.04161073825503356, 13.815119185137847, 20173
213.46.174.109, 4.69.141.62, 0.04161073825503356, 15.265062141980794, 20178
4.14.113.110, 4.69.206.189, 0.04161073825503356, 21.514020314998433, 20178
4.14.113.110, 4.69.206.189, 0.04160887656033287, 35.480730852970126, 20174
4.14.113.110, 4.69.206.189, 0.04161073825503356, 28.26569666627237, 20175
4.14.113.110, 4.69.206.189, 0.04161073825503356, 14.230009339227502, 20173
212.156.251.192, 81.212.207.189, 0.04161073825503356, 21.04123879042169, 20178
4.68.72.253, 4.69.143.194, 0.04160887656033287, 33.22997886876565, 20176
4.16.44.46, 4.69.202.125, 0.04161073825503356, 58.842517539357644, 20173
4.16.44.46, 4.69.202.125, 0.04160887656033287, 20.411370801454673, 20179
195.219.83.101, 4.69.141.62, 0.041604754829123326, 33.9017380360181, 20182
195.219.83.101, 4.69.141.62, 0.04161073825503356, 41.77813515472751, 20183
195.175.173.205, 212.156.251.192, 0.04161073825503356, 28.58546550615251, 20178
202.84.253.82, 63.235.40.45, 0.04161073825503356, 14.22825379866177, 20183
180.87.67.33, 64.86.252.216, 0.041604754829123326, 13.630616004480682, 20172
141.208.25.174, 62.115.143.50, 0.04160887656033287, 42.96851642818459, 20174
141.208.25.174, 62.115.143.50, 0.04161073825503356, 80.50733563299795, 20171
141.208.25.174, 62.115.143.50, 0.041604754829123326, 140.83071761865403, 20172
141.208.25.174, 62.115.143.50, 0.04160887656033287, 30.753240682547588, 20179
141.208.25.174, 62.115.143.50, 0.04161073825503356, 21.568535038583217, 20178
212.73.250.182, 4.69.206.86, 0.04160887656033287, 31.22282885597834, 20174
212.73.250.182, 4.69.206.86, 0.04161073825503356, 17.910325863851877, 20175
212.162.19.34, 4.69.163.78, 0.04161073825503356, 45.17735795945992, 20181
213.19.197.214, 4.69.203.102, 0.041604754829123326, 55.321391603947916, 20182
212.162.19.34, 4.69.163.78, 0.041604754829123326, 96.01951075252977, 20182
212.73.250.182, 4.69.206.86, 0.04161073825503356, 49.36642263516921, 20178
72.52.56.207, 93.191.173.25, 0.04161073825503356, 11.605268609609546, 20181
72.52.56.207, 93.191.173.25, 0.041604754829123326, 12.586550574913037, 20182
4.68.74.18, 4.69.207.41, 0.04161073825503356, 91.74638246332302, 20183
195.3.64.1, 195.3.64.58, 0.04160887656033287, 115.49885550665272, 20176
195.3.64.1, 195.3.64.58, 0.04161073825503356, 74.13744844341876, 20177
195.3.64.1, 195.3.64.58, 0.04161073825503356, 51.834105624193725, 20178
195.3.64.1, 195.3.64.58, 0.04160887656033287, 127.59527810948664, 20179
212.156.104.112, 74.125.52.6, 0.04161073825503356, 31.229136738386263, 20181
212.156.104.112, 74.125.52.6, 0.041604754829123326, 44.595651735376045, 20182
195.66.224.205, 93.63.100.58, 0.04161073825503356, 12.027794603569609, 20181
4.69.206.77, 4.79.23.38, 0.04160887656033287, 31.307582009043013, 20174
193.251.132.2, 193.251.133.206, 0.041604754829123326, 12.01340418279619, 20182
212.162.8.22, 4.69.211.13, 0.04161073825503356, 36.051031748251695, 20175
212.162.8.22, 4.69.211.13, 0.04160887656033287, 11.500912639419548, 20174
212.162.8.22, 4.69.211.13, 0.04160887656033287, 92.01347894723935, 20179
212.162.24.222, 4.69.163.78, 0.04161073825503356, 87.43436285997099, 20183
212.162.24.222, 4.69.163.78, 0.041604754829123326, 97.00772133643227, 20182
212.162.24.222, 4.69.163.78, 0.04161073825503356, 48.26392794289949, 20181
108.170.241.130, 193.178.185.100, 0.04160887656033287, 23.64005793943613, 20174
195.66.225.158, 202.147.58.146, 0.041604754829123326, 12.66254499291172, 20182
212.187.173.202, 4.69.167.154, 0.04160887656033287, 13.916759522359417, 20176
184.105.64.197, 185.1.8.63, 0.04161073825503356, 11.99404441000535, 201712
212.187.173.202, 4.69.167.150, 0.04161073825503356, 10.813753441385241, 20173
212.187.173.202, 4.69.167.150, 0.041604754829123326, 16.86003619920684, 20172
212.187.173.202, 4.69.167.150, 0.04161073825503356, 15.792072677983452, 20175
212.187.173.202, 4.69.167.150, 0.04160887656033287, 15.159369136637954, 20174
212.187.173.202, 4.69.167.150, 0.04160887656033287, 16.35826499435256, 20179
212.187.173.202, 4.69.167.150, 0.04161073825503356, 11.05325326680492, 20178
213.19.197.66, 4.69.203.98, 0.04161073825503356, 49.792044293454566, 20171
212.162.4.66, 4.69.163.82, 0.04161073825503356, 18.497319382548056, 20177
202.147.58.147, 61.14.157.210, 0.04160887656033287, 15.757559242086074, 201711
212.73.250.182, 4.69.206.90, 0.04160887656033287, 10.135048783046187, 20179
212.73.250.182, 4.69.206.90, 0.04161073825503356, 28.068130274612763, 20178
184.105.80.9, 184.105.81.78, 0.04161073825503356, 19.64696627754336, 20181
212.73.250.182, 4.69.206.90, 0.04161073825503356, 14.916977569011499, 20175
72.52.2.181, 93.191.173.91, 0.041604754829123326, 29.224161806154708, 20182
72.52.2.181, 93.191.173.91, 0.04161073825503356, 30.259623879819017, 20183
72.52.2.181, 93.191.173.91, 0.04161073825503356, 22.269504244933362, 20181
4.69.150.202, 63.235.41.149, 0.04160887656033287, 54.468815061677375, 201711
4.69.150.202, 63.235.41.149, 0.04161073825503356, 38.863895909307644, 201710
202.147.50.169, 61.14.158.47, 0.04161073825503356, 12.959889012175816, 20173
202.147.50.169, 61.14.158.47, 0.041604754829123326, 11.84082098664685, 20172
4.68.73.22, 62.115.145.207, 0.04161073825503356, 11.29170722305634, 20178
195.66.225.158, 202.147.58.146, 0.04161073825503356, 12.071943865496912, 20181
4.69.207.41, 64.215.31.58, 0.04161073825503356, 20.84747921334818, 20171
129.250.3.94, 50.242.151.69, 0.04160887656033287, 12.942780839993883, 20179
4.68.72.253, 4.69.163.70, 0.04160887656033287, 36.1049290703119, 20174
4.68.72.253, 4.69.163.70, 0.04161073825503356, 13.097585845276814, 20175
4.15.212.246, 4.69.150.202, 0.04161073825503356, 38.62629539787873, 20181
4.15.212.246, 4.69.150.202, 0.041604754829123326, 37.156659259583854, 20182
4.15.212.246, 4.69.150.202, 0.04161073825503356, 122.83939606092524, 20183
202.147.58.150, 80.249.211.239, 0.041604754829123326, 16.55659437290099, 20182
202.147.58.150, 80.249.211.239, 0.04161073825503356, 16.582009602984765, 201712
202.147.58.150, 80.249.211.239, 0.04160887656033287, 18.274910470627944, 201711
202.147.58.150, 80.249.211.239, 0.04161073825503356, 12.257767707069801, 20181
202.147.58.146, 80.81.193.47, 0.04160887656033287, 19.291002692067067, 201711
202.147.58.146, 80.81.193.47, 0.04161073825503356, 15.9202323494981, 201712
4.68.127.54, 4.69.207.29, 0.04161073825503356, 20.790051253581588, 20173
209.200.144.205, 72.52.27.192, 0.04161073825503356, 12.156474967303362, 20183
212.162.5.234, 4.69.163.78, 0.041604754829123326, 39.71887910920294, 20182
212.162.5.234, 4.69.163.78, 0.04161073825503356, 27.837991066183974, 20183
212.162.5.234, 4.69.163.78, 0.04161073825503356, 21.708300006369367, 20181
80.84.20.57, 94.102.160.206, 0.04161073825503356, 15.440049998962236, 20173
80.84.20.57, 94.102.160.206, 0.04161073825503356, 19.569295084727184, 20171
80.84.20.57, 94.102.160.206, 0.04161073825503356, 21.312968877903735, 20175
80.84.20.57, 94.102.160.206, 0.04160887656033287, 27.33922804025542, 20174
4.68.111.66, 4.69.207.41, 0.04161073825503356, 90.89528131870375, 20183
4.69.163.90, 63.218.233.37, 0.041604754829123326, 86.89118915492817, 20182
4.69.163.90, 63.218.233.37, 0.04161073825503356, 63.96344382760901, 20183
4.69.163.90, 63.218.233.37, 0.04161073825503356, 34.9461212799511, 20181
195.175.174.111, 212.156.251.192, 0.04161073825503356, 29.588532714541714, 20178
141.208.25.174, 62.115.143.50, 0.04161073825503356, 115.20614696410239, 201710
141.208.25.174, 62.115.143.50, 0.04161073825503356, 51.025187858921996, 201712
144.232.0.169, 144.232.25.98, 0.041604754829123326, 10.873291831800351, 20172
209.200.184.197, 93.191.173.71, 0.04161073825503356, 21.597841126492316, 20181
209.200.184.197, 93.191.173.71, 0.04161073825503356, 28.40742397000396, 20183
209.200.184.197, 93.191.173.71, 0.041604754829123326, 30.28423423252251, 20182
212.156.104.114, 74.125.52.6, 0.04160887656033287, 38.77054146371238, 20179
72.52.27.194, 93.191.173.91, 0.041604754829123326, 12.915712508514002, 20182
72.52.27.194, 93.191.173.91, 0.04161073825503356, 11.54165894824128, 20183
4.69.140.2, 62.115.61.69, 0.04161073825503356, 19.909683388860817, 20181
129.250.6.55, 50.242.151.69, 0.04161073825503356, 18.147156121568386, 201710
129.250.6.55, 50.242.151.69, 0.04160887656033287, 19.917717147194654, 201711
129.250.6.55, 50.242.151.69, 0.04161073825503356, 10.157973797786507, 201712
212.187.173.202, 4.69.167.138, 0.04160887656033287, 18.64804154939334, 20179
212.187.173.202, 4.69.167.138, 0.04161073825503356, 15.834683461825026, 20178
212.187.173.202, 4.69.167.138, 0.04161073825503356, 19.8789689078637, 20175
212.187.173.202, 4.69.167.138, 0.04160887656033287, 12.307614965151993, 20174
129.250.9.49, 4.69.206.94, 0.04161073825503356, 38.948887287442055, 20171
212.187.173.202, 4.69.167.138, 0.04161073825503356, 10.283798371182, 20173
212.187.173.202, 4.69.167.138, 0.041604754829123326, 18.08537821534224, 20172
154.54.1.194, 38.88.224.14, 0.041604754829123326, 10.571268512304165, 20172
80.84.20.57, 94.102.162.36, 0.04161073825503356, 23.051743578894072, 20175
80.84.20.57, 94.102.162.36, 0.04160887656033287, 30.90300376565729, 20174
80.84.20.57, 94.102.162.36, 0.04161073825503356, 16.55824087359339, 20173
141.136.105.237, 46.33.86.13, 0.041604754829123326, 23.274079914623186, 20172
4.68.110.202, 4.69.159.142, 0.04161073825503356, 33.0295980932023, 20183
4.68.110.202, 4.69.159.142, 0.041604754829123326, 27.33221240961835, 20182
129.250.9.49, 4.69.206.90, 0.04161073825503356, 25.241925277022123, 20171
129.250.9.49, 4.69.206.90, 0.041604754829123326, 26.654934393675394, 20172
4.68.111.178, 4.69.163.90, 0.041604754829123326, 121.79247357329207, 20182
4.68.111.178, 4.69.163.90, 0.04161073825503356, 96.88796501830575, 20183
4.68.111.178, 4.69.163.90, 0.04161073825503356, 65.22518678440247, 20181
195.3.64.1, 195.3.64.58, 0.04161073825503356, 49.5898379917479, 201710
195.3.64.1, 195.3.64.58, 0.04160887656033287, 111.03635855710827, 201711
195.3.64.1, 195.3.64.58, 0.04161073825503356, 141.9738915724318, 201712
195.3.64.142, 195.3.64.49, 0.04161073825503356, 19.600162422874398, 201712
195.3.64.142, 195.3.64.49, 0.04161073825503356, 45.31591962890879, 201710
195.3.64.142, 195.3.64.49, 0.04160887656033287, 32.66068683619393, 201711
4.15.158.138, 4.69.207.41, 0.04161073825503356, 35.429864514832346, 20183
129.250.3.94, 50.242.151.69, 0.04161073825503356, 16.399562516287304, 20181
129.250.3.94, 50.242.151.69, 0.04161073825503356, 14.464401709501592, 20183
192.16.19.242, 4.69.148.33, 0.041604754829123326, 13.25174064439257, 20182
213.242.69.194, 4.69.159.134, 0.04161073825503356, 70.72345933888043, 20183
213.242.69.194, 4.69.159.134, 0.041604754829123326, 53.683909556666826, 20182
4.28.83.26, 4.69.210.161, 0.04161073825503356, 11.908482639271096, 20171
4.28.83.26, 4.69.210.161, 0.04160887656033287, 42.543677734813805, 20176
4.28.83.26, 4.69.210.161, 0.04160887656033287, 60.425540392850316, 20174
4.28.83.26, 4.69.210.161, 0.04161073825503356, 41.646795872204756, 20175
4.28.83.26, 4.69.210.161, 0.04161073825503356, 83.92028794874366, 20178
195.3.64.141, 195.3.64.150, 0.04161073825503356, 55.269503718385096, 20183
209.200.144.192, 209.200.144.197, 0.04161073825503356, 18.732863613955832, 201712
4.69.143.194, 80.231.91.90, 0.04160887656033287, 33.37567525353859, 20176
80.84.20.57, 94.102.160.197, 0.04161073825503356, 11.832897796826682, 20173
65.153.81.102, 67.14.102.146, 0.04161073825503356, 14.57277992711311, 20183
4.68.63.174, 4.69.163.90, 0.04161073825503356, 85.48980788738984, 20183
4.68.63.174, 4.69.163.90, 0.041604754829123326, 107.22670770179651, 20182
129.250.9.5, 4.69.163.86, 0.04160887656033287, 108.78695134511098, 201711
212.73.250.182, 4.69.206.94, 0.04160887656033287, 10.709498992501253, 20179
212.73.250.182, 4.69.206.94, 0.04161073825503356, 37.986923410061856, 20178
212.73.250.182, 4.69.206.94, 0.04161073825503356, 37.585676634341816, 20173
212.73.250.182, 4.69.206.94, 0.04161073825503356, 24.27485333566108, 20175
212.73.250.182, 4.69.206.94, 0.04160887656033287, 46.47485075069806, 20174
212.73.250.182, 4.69.206.94, 0.04161073825503356, 14.677444591993694, 20177
212.73.250.182, 4.69.206.94, 0.04160887656033287, 22.071793624361433, 20176
4.15.84.142, 4.69.148.254, 0.04160887656033287, 25.453808553869585, 20176
4.15.84.142, 4.69.148.254, 0.04161073825503356, 16.322516259985374, 20177
195.50.90.174, 4.69.141.62, 0.04161073825503356, 32.62071094013327, 20178
4.15.136.6, 4.69.210.174, 0.04161073825503356, 53.10746431803838, 201712
157.25.248.117, 195.182.218.11, 0.04160887656033287, 13.121451865660356, 20179
202.147.58.146, 80.249.211.239, 0.041604754829123326, 15.579760828609786, 20182
202.147.58.146, 80.249.211.239, 0.04161073825503356, 11.176638177156693, 20181
4.68.72.97, 4.69.159.94, 0.041604754829123326, 14.87637666713645, 20172
4.59.113.90, 4.69.210.145, 0.04161073825503356, 21.00216963977485, 201710
212.73.250.153, 4.69.159.94, 0.04160887656033287, 17.559014892765116, 20179
129.250.6.55, 50.242.151.69, 0.04160887656033287, 12.571572446490759, 20179
121.189.3.85, 58.138.105.178, 0.04161073825503356, 10.928466296133506, 20183
121.189.3.85, 58.138.105.178, 0.041604754829123326, 10.843006647444245, 20182
193.251.132.2, 193.251.133.162, 0.041604754829123326, 12.122271370994204, 20182
4.68.110.202, 4.69.159.134, 0.041604754829123326, 22.798358909672384, 20182
4.68.110.202, 4.69.159.134, 0.04161073825503356, 13.59183277675392, 20183
4.68.72.94, 4.69.141.62, 0.041604754829123326, 15.73450462981683, 20182
4.68.72.94, 4.69.141.62, 0.04161073825503356, 27.047631497665595, 20183
62.40.98.129, 80.249.210.175, 0.041604754829123326, 15.211600697392326, 20182
62.40.98.129, 80.249.210.175, 0.04161073825503356, 11.420308474303646, 20183
80.236.3.65, 94.31.48.113, 0.041604754829123326, 10.130462971733921, 20182
4.53.116.102, 4.69.210.174, 0.04161073825503356, 28.519004712697047, 201712
213.244.164.2, 4.69.203.98, 0.04160887656033287, 31.152324656899324, 20179
213.244.164.2, 4.69.203.98, 0.04161073825503356, 13.900651694639771, 20178
212.156.102.148, 81.212.203.103, 0.04161073825503356, 86.1437098785179, 20183
212.156.102.148, 81.212.203.103, 0.041604754829123326, 82.24909324416261, 20182
212.156.102.148, 81.212.203.103, 0.04161073825503356, 84.95672385104803, 20181
129.250.9.49, 4.69.206.86, 0.041604754829123326, 23.84360982270091, 20172
129.250.9.49, 4.69.206.86, 0.04161073825503356, 15.668011252773548, 20171
4.68.72.253, 4.69.141.190, 0.04160887656033287, 28.426464990907697, 20176
209.200.144.192, 209.200.144.197, 0.04161073825503356, 32.47243574248057, 20183
209.200.144.192, 209.200.144.197, 0.041604754829123326, 31.780427039992706, 20182
209.200.144.192, 209.200.144.197, 0.04161073825503356, 25.228972903153227, 20181
62.214.38.178, 80.249.210.175, 0.041604754829123326, 11.922188230364338, 20182
184.105.64.186, 184.105.64.197, 0.04161073825503356, 20.05904915131653, 20181
213.19.197.214, 4.69.203.98, 0.04161073825503356, 53.68826659544218, 201710
195.3.64.142, 195.3.64.149, 0.041604754829123326, 28.414636869687204, 20182
80.249.210.175, 82.197.128.22, 0.041604754829123326, 11.271062527303384, 20182
80.249.210.175, 82.197.128.22, 0.04161073825503356, 12.60583188262475, 20183
4.68.127.233, 4.69.163.70, 0.041604754829123326, 12.27912050798149, 20172
46.227.185.234, 80.241.35.130, 0.04161073825503356, 37.008264079059785, 20173
46.227.185.234, 80.241.35.130, 0.041604754829123326, 65.46566385683184, 20172
46.227.185.234, 80.241.35.130, 0.04161073825503356, 70.15295014329297, 20171
4.15.136.6, 4.69.210.174, 0.04161073825503356, 76.18676316686431, 20181
4.15.136.6, 4.69.210.174, 0.04161073825503356, 24.768805226445732, 20183
195.50.90.174, 4.69.141.62, 0.041604754829123326, 141.7220557116953, 20182
195.50.90.174, 4.69.141.62, 0.04161073825503356, 142.81840738566484, 20183
4.68.63.174, 4.69.163.90, 0.04161073825503356, 41.21778320278055, 201712
212.73.250.153, 4.69.159.38, 0.04160887656033287, 13.758082780644497, 20179
129.250.198.177, 154.54.11.9, 0.04160887656033287, 10.75942033652519, 20179
213.248.68.62, 4.69.163.86, 0.04161073825503356, 19.159936147485777, 201710
212.73.250.182, 4.69.206.90, 0.04160887656033287, 29.45120615285363, 20174
4.68.63.218, 4.69.203.98, 0.04161073825503356, 24.053866666059037, 20171
108.170.241.130, 77.233.230.165, 0.04161073825503356, 12.591788860852155, 20171
175.41.60.213, 203.78.186.158, 0.04160887656033287, 10.265186366229962, 20179
213.19.197.214, 4.69.203.102, 0.04161073825503356, 18.05731983707151, 201710
213.19.197.214, 4.69.203.102, 0.04160887656033287, 27.665799424866876, 201711
202.147.50.169, 202.147.50.185, 0.04161073825503356, 10.822388589128956, 20173
213.19.197.65, 4.69.209.165, 0.041604754829123326, 23.345500892656503, 20172
213.19.197.65, 4.69.209.165, 0.04161073825503356, 33.405396583464864, 20171
209.200.144.202, 209.200.144.205, 0.04161073825503356, 18.459841413458555, 201712
202.147.58.150, 80.249.211.239, 0.04161073825503356, 15.208235475214957, 20173
202.147.58.150, 80.249.211.239, 0.041604754829123326, 12.198435464848366, 20172
202.147.58.150, 80.249.211.239, 0.04161073825503356, 10.445833172072678, 20171
212.156.139.7, 83.217.231.62, 0.04161073825503356, 34.03816723996348, 20171
185.107.116.3, 80.249.210.175, 0.04161073825503356, 15.67576175777085, 20183
121.189.3.89, 58.138.105.182, 0.041604754829123326, 12.089762135530442, 20182
121.189.3.89, 58.138.105.182, 0.04161073825503356, 10.450668664887946, 20183
4.68.72.38, 4.69.203.102, 0.041604754829123326, 11.935771146750614, 20182
130.117.14.173, 4.69.163.82, 0.04161073825503356, 13.789879048349638, 20177
212.113.9.142, 4.69.141.62, 0.04161073825503356, 60.62045335251156, 20183
212.113.9.142, 4.69.141.62, 0.041604754829123326, 59.36894395815454, 20182
108.170.241.193, 193.178.185.100, 0.04160887656033287, 12.08495129546556, 201711
4.69.206.77, 4.79.23.38, 0.04161073825503356, 28.631980697172917, 20175
41.78.188.11, 41.78.188.22, 0.041604754829123326, 26.002676416952365, 20172
4.69.206.77, 4.79.23.38, 0.04160887656033287, 16.439722737215895, 20176
195.175.172.169, 212.156.102.176, 0.04161073825503356, 12.853421548352756, 20183
212.133.7.45, 4.69.142.225, 0.04160887656033287, 13.086018599096018, 20174
212.113.9.142, 4.69.141.62, 0.04161073825503356, 20.183248931681202, 20173
212.133.7.45, 4.69.142.225, 0.04161073825503356, 19.13580130871074, 20171
212.133.7.45, 4.69.142.225, 0.041604754829123326, 24.212585478095313, 20172
212.133.7.45, 4.69.142.225, 0.04161073825503356, 23.322655703128785, 20173
65.123.13.174, 67.14.34.202, 0.041604754829123326, 13.126817570230454, 20172
196.46.34.108, 196.46.40.1, 0.04160887656033287, 26.19847919092176, 20179
202.147.58.150, 80.81.193.47, 0.04161073825503356, 13.871007831247057, 20173
209.200.184.197, 93.191.173.32, 0.04161073825503356, 12.505150013111997, 20181
195.3.64.129, 195.3.64.142, 0.04161073825503356, 44.00561841626754, 20175
72.52.56.207, 93.191.173.25, 0.04161073825503356, 10.485217350680983, 201712
180.87.181.73, 180.87.67.32, 0.041604754829123326, 15.443816062722808, 20172
195.66.224.193, 93.63.100.2, 0.04161073825503356, 10.708265106751474, 201710
195.66.224.193, 93.63.100.2, 0.04160887656033287, 10.650145129041059, 201711
212.73.250.182, 4.69.206.98, 0.04161073825503356, 19.706301688041478, 20175
212.73.250.182, 4.69.206.98, 0.04160887656033287, 43.30225461195774, 20174
212.73.250.182, 4.69.206.98, 0.04161073825503356, 36.705687887870035, 20171
212.73.250.182, 4.69.206.98, 0.04161073825503356, 25.99550792859981, 20173
212.73.250.182, 4.69.206.98, 0.041604754829123326, 26.558406948592708, 20172
212.73.250.182, 4.69.206.98, 0.04161073825503356, 24.80207194371324, 20178
4.68.111.178, 4.69.163.90, 0.04161073825503356, 45.97883648487884, 201712
203.208.172.97, 203.208.177.118, 0.04161073825503356, 17.169901819856495, 201712
164.40.248.38, 193.239.118.11, 0.041604754829123326, 16.039481221700303, 20182
129.250.9.5, 4.69.163.86, 0.04161073825503356, 100.77102851982887, 201710
212.73.250.254, 4.69.159.130, 0.04161073825503356, 54.792532017414814, 20183
212.73.250.254, 4.69.159.130, 0.041604754829123326, 33.76058759285742, 20182
4.15.84.142, 4.69.148.254, 0.041604754829123326, 48.39456054940051, 20182
4.15.84.142, 4.69.148.254, 0.04161073825503356, 16.365669520035176, 20181
72.52.2.181, 93.191.173.91, 0.04161073825503356, 15.076880889526446, 201712
4.68.66.237, 4.69.163.82, 0.04161073825503356, 22.389864131912226, 20177
4.68.127.233, 4.69.162.69, 0.041604754829123326, 12.909924494223194, 20172
4.68.127.233, 4.69.162.69, 0.04161073825503356, 10.2070686739523, 20171
72.52.56.199, 93.191.173.25, 0.04161073825503356, 12.719061564468719, 201712
212.73.250.254, 4.69.159.138, 0.04161073825503356, 36.7987269355255, 20183
212.73.250.254, 4.69.159.138, 0.041604754829123326, 44.72495820770557, 20182
212.113.9.142, 4.69.141.62, 0.04161073825503356, 22.825624322211503, 20178
212.113.9.142, 4.69.141.62, 0.04161073825503356, 18.12565381473815, 20171
212.113.9.142, 4.69.141.62, 0.041604754829123326, 50.356025608507146, 20172
209.85.172.180, 4.69.206.94, 0.04160887656033287, 13.147709550017595, 20174
212.133.7.46, 4.69.142.225, 0.04161073825503356, 27.293721734923068, 20173
212.133.7.46, 4.69.142.225, 0.041604754829123326, 20.720880057901137, 20172
212.133.7.46, 4.69.142.225, 0.04161073825503356, 24.458129432880696, 20171
212.133.7.46, 4.69.142.225, 0.04160887656033287, 11.818169150664152, 20174
4.69.163.86, 63.218.233.37, 0.04160887656033287, 19.36973071822143, 201711
4.31.163.46, 4.69.206.73, 0.04160887656033287, 35.51295183781548, 20174
4.31.163.46, 4.69.206.73, 0.04161073825503356, 30.08916532664582, 20175
202.147.58.150, 80.81.193.47, 0.04161073825503356, 10.406649035841674, 201710
209.200.144.197, 72.52.27.192, 0.04161073825503356, 10.332740664766353, 20183
131.103.117.129, 180.240.192.150, 0.04161073825503356, 13.103234176193638, 201710
80.84.20.57, 94.102.162.97, 0.04161073825503356, 21.14128040890717, 20175
213.242.69.194, 4.69.159.142, 0.041604754829123326, 53.111876855469696, 20182
213.242.69.194, 4.69.159.142, 0.04161073825503356, 50.72918746035723, 20183
65.153.81.102, 67.14.102.142, 0.04161073825503356, 15.983002860082602, 20183
108.170.240.49, 185.1.8.28, 0.04161073825503356, 20.148751809062052, 201710
108.170.240.49, 185.1.8.28, 0.04160887656033287, 35.76895005207481, 201711
4.69.163.86, 63.218.233.37, 0.04161073825503356, 25.84402373115185, 20183
4.59.126.33, 4.69.137.70, 0.04161073825503356, 15.709376305579084, 20175
41.76.41.174, 80.84.20.57, 0.04160887656033287, 25.981179395870132, 20179
184.105.81.214, 184.105.81.78, 0.04161073825503356, 18.705944150577306, 20181
4.69.163.90, 63.218.233.37, 0.04161073825503356, 27.94940544523068, 201712
72.52.56.199, 93.191.173.25, 0.041604754829123326, 13.00382847560157, 20182
72.52.56.199, 93.191.173.25, 0.04161073825503356, 15.948381337863639, 20183
72.52.56.199, 93.191.173.25, 0.04161073825503356, 12.855817842784399, 20181
213.244.134.228, 4.69.203.98, 0.04161073825503356, 10.275184126794043, 201710
185.107.116.4, 80.249.210.175, 0.04161073825503356, 16.100117237724056, 20183
195.175.172.84, 81.212.212.253, 0.04161073825503356, 17.325641980078903, 20178
212.73.250.254, 4.69.159.134, 0.04161073825503356, 67.13368563662262, 20183
212.73.250.254, 4.69.159.134, 0.041604754829123326, 49.16763883004441, 20182
195.175.173.219, 212.156.251.192, 0.04161073825503356, 19.889128159785013, 20178
213.248.84.80, 4.69.207.33, 0.04161073825503356, 14.837850896357327, 20183
4.53.116.102, 4.69.210.174, 0.04161073825503356, 14.074275579289301, 20181
4.68.71.202, 4.69.210.149, 0.04160887656033287, 10.110151146616365, 201711
195.3.64.129, 195.3.64.2, 0.04160887656033287, 54.24465067557338, 201711
195.3.64.129, 195.3.64.2, 0.04161073825503356, 66.07061980109847, 201710
195.3.64.129, 195.3.64.2, 0.04161073825503356, 36.56824175552132, 201712
195.3.64.10, 195.3.64.129, 0.04161073825503356, 44.92564869336996, 20175
195.3.64.10, 195.3.64.129, 0.041604754829123326, 35.47828967905696, 20172
129.250.9.5, 4.69.163.90, 0.04161073825503356, 50.51615197844618, 201712
213.242.69.250, 4.69.159.134, 0.041604754829123326, 73.85655317086659, 20182
213.242.69.250, 4.69.159.134, 0.04161073825503356, 67.68906297811031, 20183
109.73.31.199, 62.96.176.117, 0.04161073825503356, 11.135870297630873, 20178
195.3.64.10, 195.3.64.129, 0.04161073825503356, 19.109682287452515, 20178
195.175.172.169, 212.156.252.238, 0.041604754829123326, 52.277316596358006, 20172
195.175.172.169, 212.156.252.238, 0.04161073825503356, 40.110577589358584, 20173
195.175.172.169, 212.156.252.238, 0.04161073825503356, 46.10949852462861, 20171
209.200.144.194, 209.200.144.197, 0.04161073825503356, 24.670484850102937, 20181
209.200.144.194, 209.200.144.197, 0.04161073825503356, 31.467721731825012, 20183
209.200.144.194, 209.200.144.197, 0.041604754829123326, 30.555770599933965, 20182
62.216.145.74, 85.95.25.214, 0.04160887656033287, 13.92826885255455, 20179
62.216.145.74, 85.95.25.214, 0.04161073825503356, 10.654826256030214, 20178
116.51.31.78, 43.241.138.6, 0.04161073825503356, 10.239588472282254, 201712
184.105.223.162, 184.105.81.78, 0.04161073825503356, 18.86244648629216, 20181
209.200.144.197, 72.52.27.194, 0.04161073825503356, 15.406364836719048, 20183
209.200.144.197, 72.52.27.194, 0.041604754829123326, 12.97951423444347, 20182
194.68.129.173, 80.84.20.57, 0.04160887656033287, 26.273009039495612, 20174
209.200.144.202, 209.200.144.205, 0.04161073825503356, 31.485346997024994, 20183
209.200.144.202, 209.200.144.205, 0.041604754829123326, 31.012874635290846, 20182
194.68.129.173, 80.84.20.57, 0.04161073825503356, 12.37167769140823, 20173
108.170.241.162, 77.233.230.165, 0.041604754829123326, 10.669896109602009, 20172
108.170.241.162, 77.233.230.165, 0.04161073825503356, 15.760915300653414, 20171
213.242.69.194, 4.69.159.138, 0.040268456375838924, 11.29487080187066, 201710
4.68.127.233, 4.69.163.70, 0.04161073825503356, 35.11406863400897, 20171
4.34.184.162, 4.69.210.145, 0.04161073825503356, 10.608632608604845, 201710
195.2.10.178, 195.2.30.149, 0.04160887656033287, 10.410519733155407, 20179
213.19.197.65, 4.69.140.149, 0.04161073825503356, 14.607390967804665, 20173
213.19.197.65, 4.69.140.149, 0.04161073825503356, 56.50908482479411, 20171
213.248.68.62, 4.69.163.90, 0.041604754829123326, 49.90429286791705, 20182
213.248.68.62, 4.69.163.90, 0.04161073825503356, 74.968843540586, 20183
213.248.68.62, 4.69.163.90, 0.04161073825503356, 28.64162617035793, 20181
195.175.172.81, 81.212.203.103, 0.04161073825503356, 19.15963668937661, 20181
195.175.172.81, 81.212.203.103, 0.041604754829123326, 19.474478083834427, 20182
195.175.172.81, 81.212.203.103, 0.04161073825503356, 14.715634372469166, 20183
4.53.116.102, 4.69.210.177, 0.04160887656033287, 13.696941419932859, 201711
187.16.220.19, 187.16.221.197, 0.04161073825503356, 11.850086080735478, 20181
202.84.178.46, 80.249.210.175, 0.041604754829123326, 12.09616370110016, 20182
195.175.174.43, 212.156.139.7, 0.04161073825503356, 35.29029246512575, 20171
209.200.144.200, 209.200.144.205, 0.04161073825503356, 32.008375244678454, 20183
209.200.144.200, 209.200.144.205, 0.041604754829123326, 31.253335187279013, 20182
209.200.144.200, 209.200.144.205, 0.04161073825503356, 24.70243716500677, 20181
195.3.64.129, 195.3.64.2, 0.04160887656033287, 87.6255291467243, 20179
195.3.64.129, 195.3.64.2, 0.04161073825503356, 26.22471328934498, 20178
195.3.64.129, 195.3.64.2, 0.04160887656033287, 99.8396001070833, 20174
195.3.64.129, 195.3.64.2, 0.04160887656033287, 84.82326681260767, 20176
195.3.64.129, 195.3.64.2, 0.04161073825503356, 44.70923991664054, 20171
195.3.64.129, 195.3.64.2, 0.04161073825503356, 65.60343451592271, 20173
72.52.2.189, 93.191.173.91, 0.04161073825503356, 16.535630501749367, 201712
193.251.128.4, 193.251.132.2, 0.041604754829123326, 11.914474792942109, 20182
62.115.116.233, 62.115.145.123, 0.04161073825503356, 14.517584512473643, 20171
129.250.9.5, 4.69.163.90, 0.04161073825503356, 99.97746488153156, 20183
129.250.9.5, 4.69.163.90, 0.041604754829123326, 122.77381536655997, 20182
129.250.9.5, 4.69.163.90, 0.04161073825503356, 64.91982898049152, 20181
130.117.14.174, 4.69.146.132, 0.04160887656033287, 39.83309512679603, 20174
212.73.250.153, 4.69.153.153, 0.04161073825503356, 11.015524310951342, 20171
212.156.104.114, 74.125.52.6, 0.04161073825503356, 29.42328415736313, 201712
212.156.104.114, 74.125.52.6, 0.04161073825503356, 37.00946065594222, 201710
193.134.95.61, 80.84.20.57, 0.04161073825503356, 19.06583207679109, 20175
193.134.95.61, 80.84.20.57, 0.04160887656033287, 19.570143209677813, 20174
193.134.95.61, 80.84.20.57, 0.04161073825503356, 12.92628078252232, 20173
213.248.68.63, 4.69.201.73, 0.04161073825503356, 11.147797720073681, 20171
27.111.229.87, 43.241.138.6, 0.04161073825503356, 10.445456775009104, 201712
212.187.166.122, 4.69.141.62, 0.041604754829123326, 19.83708847415893, 20182
212.187.166.122, 4.69.141.62, 0.04161073825503356, 53.891139138329045, 20183
202.147.0.34, 202.147.50.169, 0.041604754829123326, 10.780838020782808, 20172
209.200.144.194, 209.200.144.197, 0.04161073825503356, 18.702714087154096, 201712
65.123.13.174, 67.14.34.202, 0.04161073825503356, 11.755146468142271, 20173
4.15.156.46, 4.69.207.41, 0.04161073825503356, 17.60254720697549, 20183
193.251.132.2, 193.251.133.162, 0.04161073825503356, 10.881501302059267, 201712
129.250.6.55, 50.242.151.69, 0.04161073825503356, 14.656748353743815, 20183
129.250.6.55, 50.242.151.69, 0.04161073825503356, 17.164124181010088, 20181
195.219.50.49, 4.69.163.86, 0.04160887656033287, 23.082108117066557, 201711
195.219.50.49, 4.69.163.86, 0.04161073825503356, 34.67668122708921, 201710
209.200.144.202, 209.200.144.205, 0.04161073825503356, 24.741174480098312, 20181
193.251.132.2, 193.251.133.210, 0.041604754829123326, 12.150033616527782, 20182
213.19.197.65, 4.69.201.73, 0.04161073825503356, 51.69651629126297, 20171
4.68.111.178, 4.69.163.86, 0.04161073825503356, 95.01885710883379, 201710
4.68.111.178, 4.69.163.86, 0.04160887656033287, 117.75429467883711, 201711
4.16.44.46, 4.69.202.241, 0.04160887656033287, 14.736998474894905, 20176
4.16.44.46, 4.69.202.241, 0.041604754829123326, 38.70277263140103, 20172
4.16.44.46, 4.69.202.241, 0.04161073825503356, 32.972871162406676, 20171
195.66.225.158, 202.147.58.150, 0.04161073825503356, 12.094388908842468, 20181
195.66.225.158, 202.147.58.150, 0.041604754829123326, 14.015100945917082, 20182
213.242.69.250, 4.69.159.138, 0.041604754829123326, 50.10072260236537, 20182
213.242.69.250, 4.69.159.138, 0.04161073825503356, 70.30783815064824, 20183
213.248.68.63, 4.69.140.149, 0.041604754829123326, 21.641657491264503, 20172
195.66.225.158, 202.147.58.146, 0.04161073825503356, 10.403761647617427, 20171
209.200.184.205, 93.191.173.32, 0.041604754829123326, 29.69098282523234, 20182
209.200.184.205, 93.191.173.32, 0.04161073825503356, 30.129825417386325, 20183
209.200.184.205, 93.191.173.32, 0.04161073825503356, 21.247964298904368, 20181
154.54.5.102, 38.88.224.14, 0.041604754829123326, 22.718354493859096, 20172
130.117.14.174, 4.69.146.132, 0.04161073825503356, 11.63781118425645, 20175
130.117.14.174, 4.69.146.132, 0.04161073825503356, 39.57680340730104, 20173
212.187.195.246, 4.69.167.106, 0.041604754829123326, 19.011653342118354, 20172
212.187.195.246, 4.69.167.106, 0.04161073825503356, 18.189724469724002, 20173
209.200.184.205, 93.191.173.71, 0.041604754829123326, 23.6873948301575, 20182
209.200.184.205, 93.191.173.71, 0.04161073825503356, 18.864168863775205, 20181
4.15.136.6, 4.69.210.177, 0.04161073825503356, 33.506229425952576, 20175
121.189.3.85, 58.138.105.182, 0.041604754829123326, 12.404125082227111, 20182
212.162.4.66, 4.69.163.78, 0.04161073825503356, 39.542743084061, 20181
212.162.4.66, 4.69.163.78, 0.04161073825503356, 69.27613252801312, 20183
212.162.4.66, 4.69.163.78, 0.041604754829123326, 88.32268445353937, 20182
